instant,dteday,season,yr,mnth,hr,holiday,weekday,workingday,weathersit,temp,atemp,hum,windspeed,cnt
16511,11/25/2012,4,1,11,16,0,0,0,1,0.3,0.2879,0.39,0.2239,228
16512,11/25/2012,4,1,11,17,0,0,0,1,0.28,0.2727,0.41,0.1642,181
16513,11/25/2012,4,1,11,18,0,0,0,1,0.26,0.2576,0.44,0.1642,141
16514,11/25/2012,4,1,11,19,0,0,0,1,0.26,0.303,0.41,0.0,127
16515,11/25/2012,4,1,11,20,0,0,0,1,0.24,0.2879,0.6,0.0,119
16516,11/25/2012,4,1,11,21,0,0,0,1,0.26,0.303,0.48,0.0,64
16517,11/25/2012,4,1,11,22,0,0,0,1,0.24,0.2879,0.6,0.0,62
16518,11/25/2012,4,1,11,23,0,0,0,1,0.22,0.2576,0.69,0.0896,41
16519,11/26/2012,4,1,11,0,0,1,1,1,0.22,0.2727,0.69,0.0,23
16520,11/26/2012,4,1,11,1,0,1,1,1,0.2,0.2576,0.69,0.0,10
16521,11/26/2012,4,1,11,2,0,1,1,1,0.2,0.2576,0.69,0.0,5
16522,11/26/2012,4,1,11,3,0,1,1,1,0.2,0.2576,0.69,0.0,5
16523,11/26/2012,4,1,11,4,0,1,1,1,0.22,0.2727,0.69,0.0,10
16524,11/26/2012,4,1,11,5,0,1,1,1,0.22,0.2273,0.69,0.1642,41
16525,11/26/2012,4,1,11,6,0,1,1,1,0.22,0.2727,0.69,0.0,124
16526,11/26/2012,4,1,11,7,0,1,1,1,0.24,0.2879,0.65,0.0,365
16527,11/26/2012,4,1,11,8,0,1,1,1,0.24,0.2879,0.65,0.0,638
16528,11/26/2012,4,1,11,9,0,1,1,1,0.28,0.303,0.56,0.0896,286
16529,11/26/2012,4,1,11,10,0,1,1,1,0.32,0.3485,0.49,0.0,147
16530,11/26/2012,4,1,11,11,0,1,1,1,0.4,0.4091,0.37,0.2985,130
16531,11/26/2012,4,1,11,12,0,1,1,1,0.42,0.4242,0.35,0.1045,210
16532,11/26/2012,4,1,11,13,0,1,1,1,0.42,0.4242,0.35,0.1045,217
16533,11/26/2012,4,1,11,14,0,1,1,1,0.42,0.4242,0.35,0.0,228
16534,11/26/2012,4,1,11,15,0,1,1,1,0.42,0.4242,0.35,0.0896,230
16535,11/26/2012,4,1,11,16,0,1,1,1,0.44,0.4394,0.3,0.0,346
16536,11/26/2012,4,1,11,17,0,1,1,1,0.42,0.4242,0.32,0.0,553
16537,11/26/2012,4,1,11,18,0,1,1,1,0.36,0.3485,0.5,0.1642,521
16538,11/26/2012,4,1,11,19,0,1,1,1,0.34,0.3636,0.53,0.0,371
16539,11/26/2012,4,1,11,20,0,1,1,1,0.34,0.3636,0.49,0.0,277
16540,11/26/2012,4,1,11,21,0,1,1,1,0.34,0.3636,0.49,0.0,181
16541,11/26/2012,4,1,11,22,0,1,1,1,0.32,0.3485,0.61,0.0,104
16542,11/26/2012,4,1,11,23,0,1,1,2,0.32,0.3333,0.66,0.1045,65
16543,11/27/2012,4,1,11,0,0,2,1,2,0.32,0.3333,0.66,0.0896,26
16544,11/27/2012,4,1,11,1,0,2,1,2,0.32,0.3333,0.7,0.1343,6
16545,11/27/2012,4,1,11,2,0,2,1,2,0.32,0.3182,0.7,0.1642,5
16546,11/27/2012,4,1,11,3,0,2,1,3,0.32,0.3333,0.7,0.1343,4
16547,11/27/2012,4,1,11,4,0,2,1,3,0.3,0.2879,0.81,0.19399999999999998,5
16548,11/27/2012,4,1,11,5,0,2,1,2,0.3,0.2879,0.81,0.2239,31
16549,11/27/2012,4,1,11,6,0,2,1,2,0.3,0.303,0.81,0.1642,100
16550,11/27/2012,4,1,11,7,0,2,1,3,0.3,0.303,0.81,0.1343,293
16551,11/27/2012,4,1,11,8,0,2,1,3,0.32,0.3182,0.81,0.1642,500
16552,11/27/2012,4,1,11,9,0,2,1,2,0.32,0.3333,0.81,0.1343,268
16553,11/27/2012,4,1,11,10,0,2,1,3,0.32,0.3182,0.81,0.19399999999999998,57
16554,11/27/2012,4,1,11,11,0,2,1,3,0.3,0.2727,0.87,0.2985,65
16555,11/27/2012,4,1,11,12,0,2,1,3,0.28,0.2576,0.87,0.3881,76
16556,11/27/2012,4,1,11,13,0,2,1,3,0.28,0.2727,0.87,0.2537,77
16557,11/27/2012,4,1,11,14,0,2,1,3,0.28,0.2576,0.87,0.3582,94
16558,11/27/2012,4,1,11,15,0,2,1,2,0.3,0.2727,0.75,0.2985,155
16559,11/27/2012,4,1,11,16,0,2,1,2,0.3,0.2727,0.75,0.2985,257
16560,11/27/2012,4,1,11,17,0,2,1,2,0.3,0.2727,0.75,0.3881,527
16561,11/27/2012,4,1,11,18,0,2,1,1,0.26,0.2273,0.81,0.3582,482
16562,11/27/2012,4,1,11,19,0,2,1,1,0.26,0.2576,0.73,0.2985,350
16563,11/27/2012,4,1,11,20,0,2,1,1,0.26,0.2273,0.75,0.3284,232
16564,11/27/2012,4,1,11,21,0,2,1,1,0.24,0.2121,0.81,0.2836,185
16565,11/27/2012,4,1,11,22,0,2,1,1,0.24,0.2424,0.81,0.1642,97
16566,11/27/2012,4,1,11,23,0,2,1,2,0.26,0.2424,0.81,0.2537,67
16567,11/28/2012,4,1,11,0,0,3,1,2,0.26,0.2424,0.75,0.2537,23
16568,11/28/2012,4,1,11,1,0,3,1,2,0.26,0.2576,0.75,0.2239,12
16569,11/28/2012,4,1,11,2,0,3,1,2,0.26,0.2576,0.75,0.2239,1
16570,11/28/2012,4,1,11,3,0,3,1,2,0.26,0.2576,0.7,0.2239,3
16571,11/28/2012,4,1,11,4,0,3,1,2,0.26,0.2576,0.7,0.19399999999999998,4
16572,11/28/2012,4,1,11,5,0,3,1,2,0.26,0.2727,0.7,0.1343,39
16573,11/28/2012,4,1,11,6,0,3,1,2,0.26,0.2576,0.65,0.2239,136
16574,11/28/2012,4,1,11,7,0,3,1,2,0.26,0.2576,0.56,0.19399999999999998,409
16575,11/28/2012,4,1,11,8,0,3,1,1,0.24,0.2121,0.6,0.2836,692
16576,11/28/2012,4,1,11,9,0,3,1,1,0.28,0.2727,0.52,0.19399999999999998,322
16577,11/28/2012,4,1,11,10,0,3,1,1,0.3,0.3182,0.49,0.1045,161
16578,11/28/2012,4,1,11,11,0,3,1,1,0.32,0.3182,0.45,0.1642,146
16579,11/28/2012,4,1,11,12,0,3,1,1,0.34,0.303,0.42,0.3881,208
16580,11/28/2012,4,1,11,13,0,3,1,1,0.34,0.3333,0.42,0.19399999999999998,214
16581,11/28/2012,4,1,11,14,0,3,1,1,0.36,0.3333,0.4,0.2985,176
16582,11/28/2012,4,1,11,15,0,3,1,1,0.36,0.3333,0.32,0.3284,179
16583,11/28/2012,4,1,11,16,0,3,1,1,0.36,0.3333,0.29,0.2537,325
16584,11/28/2012,4,1,11,17,0,3,1,1,0.34,0.3333,0.31,0.1343,563
16585,11/28/2012,4,1,11,18,0,3,1,1,0.32,0.303,0.33,0.2836,542
16586,11/28/2012,4,1,11,19,0,3,1,1,0.32,0.3182,0.36,0.1642,387
16587,11/28/2012,4,1,11,20,0,3,1,1,0.32,0.3333,0.36,0.1343,263
16588,11/28/2012,4,1,11,21,0,3,1,1,0.3,0.303,0.39,0.1642,223
16589,11/28/2012,4,1,11,22,0,3,1,1,0.28,0.2727,0.45,0.1642,154
16590,11/28/2012,4,1,11,23,0,3,1,1,0.26,0.2727,0.48,0.1343,78
16591,11/29/2012,4,1,11,0,0,4,1,1,0.24,0.2576,0.56,0.0896,29
16592,11/29/2012,4,1,11,1,0,4,1,1,0.22,0.2576,0.64,0.0896,16
16593,11/29/2012,4,1,11,2,0,4,1,1,0.22,0.2727,0.64,0.0,7
16594,11/29/2012,4,1,11,4,0,4,1,1,0.2,0.2273,0.75,0.0896,7
16595,11/29/2012,4,1,11,5,0,4,1,1,0.2,0.2576,0.69,0.0,42
16596,11/29/2012,4,1,11,6,0,4,1,1,0.22,0.2727,0.69,0.0,121
16597,11/29/2012,4,1,11,7,0,4,1,1,0.2,0.2576,0.64,0.0,362
16598,11/29/2012,4,1,11,8,0,4,1,1,0.2,0.2273,0.69,0.1045,679
16599,11/29/2012,4,1,11,9,0,4,1,1,0.24,0.2879,0.6,0.0,299
16600,11/29/2012,4,1,11,10,0,4,1,1,0.28,0.303,0.65,0.0896,178
16601,11/29/2012,4,1,11,11,0,4,1,1,0.36,0.3485,0.37,0.2239,163
16602,11/29/2012,4,1,11,12,0,4,1,1,0.36,0.3485,0.4,0.1642,236
16603,11/29/2012,4,1,11,13,0,4,1,1,0.38,0.3939,0.32,0.1343,224
16604,11/29/2012,4,1,11,14,0,4,1,1,0.36,0.3485,0.43,0.2239,187
16605,11/29/2012,4,1,11,15,0,4,1,1,0.36,0.3333,0.43,0.2836,220
16606,11/29/2012,4,1,11,16,0,4,1,1,0.36,0.3485,0.4,0.2239,370
16607,11/29/2012,4,1,11,17,0,4,1,1,0.34,0.3333,0.39,0.19399999999999998,561
16608,11/29/2012,4,1,11,18,0,4,1,1,0.32,0.3182,0.49,0.1642,537
16609,11/29/2012,4,1,11,19,0,4,1,1,0.3,0.2879,0.52,0.19399999999999998,344
16610,11/29/2012,4,1,11,20,0,4,1,1,0.3,0.303,0.52,0.1642,252
16611,11/29/2012,4,1,11,21,0,4,1,1,0.26,0.2727,0.65,0.1343,208
16612,11/29/2012,4,1,11,22,0,4,1,1,0.26,0.2879,0.7,0.0896,151
16613,11/29/2012,4,1,11,23,0,4,1,1,0.28,0.3182,0.61,0.0,130
16614,11/30/2012,4,1,11,0,0,5,1,1,0.26,0.2576,0.7,0.1642,52
16615,11/30/2012,4,1,11,1,0,5,1,1,0.24,0.2576,0.7,0.0896,19
16616,11/30/2012,4,1,11,2,0,5,1,1,0.24,0.2879,0.75,0.0,12
16617,11/30/2012,4,1,11,3,0,5,1,1,0.24,0.2879,0.75,0.0,4
16618,11/30/2012,4,1,11,4,0,5,1,1,0.22,0.2727,0.75,0.0,3
16619,11/30/2012,4,1,11,5,0,5,1,1,0.2,0.2576,0.8,0.0,40
16620,11/30/2012,4,1,11,6,0,5,1,1,0.2,0.2576,0.86,0.0,106
16621,11/30/2012,4,1,11,7,0,5,1,1,0.22,0.2727,0.8,0.0,352
16622,11/30/2012,4,1,11,8,0,5,1,2,0.22,0.2576,0.8,0.0896,729
16623,11/30/2012,4,1,11,9,0,5,1,1,0.24,0.2576,0.75,0.0896,330
16624,11/30/2012,4,1,11,10,0,5,1,2,0.3,0.3333,0.65,0.0,169
16625,11/30/2012,4,1,11,11,0,5,1,2,0.34,0.3485,0.53,0.0896,201
16626,11/30/2012,4,1,11,12,0,5,1,2,0.38,0.3939,0.46,0.0,268
16627,11/30/2012,4,1,11,13,0,5,1,2,0.4,0.4091,0.4,0.1642,262
16628,11/30/2012,4,1,11,14,0,5,1,2,0.4,0.4091,0.4,0.1045,251
16629,11/30/2012,4,1,11,15,0,5,1,2,0.42,0.4242,0.38,0.1045,296
16630,11/30/2012,4,1,11,16,0,5,1,1,0.4,0.4091,0.43,0.1343,405
16631,11/30/2012,4,1,11,17,0,5,1,1,0.36,0.3485,0.5,0.19399999999999998,582
16632,11/30/2012,4,1,11,18,0,5,1,2,0.34,0.3636,0.61,0.0,509
16633,11/30/2012,4,1,11,19,0,5,1,1,0.32,0.3485,0.66,0.0,377
16634,11/30/2012,4,1,11,20,0,5,1,1,0.32,0.3485,0.66,0.0,245
16635,11/30/2012,4,1,11,21,0,5,1,1,0.3,0.3182,0.75,0.0896,183
16636,11/30/2012,4,1,11,22,0,5,1,1,0.3,0.3333,0.75,0.0,163
16637,11/30/2012,4,1,11,23,0,5,1,2,0.3,0.3182,0.75,0.0896,110
16638,12/1/2012,4,1,12,0,0,6,0,1,0.26,0.303,0.81,0.0,108
16639,12/1/2012,4,1,12,1,0,6,0,1,0.26,0.303,0.81,0.0,69
16640,12/1/2012,4,1,12,2,0,6,0,2,0.26,0.303,0.81,0.0,50
16641,12/1/2012,4,1,12,3,0,6,0,2,0.26,0.2727,0.81,0.1343,15
16642,12/1/2012,4,1,12,4,0,6,0,1,0.26,0.2879,0.81,0.0896,5
16643,12/1/2012,4,1,12,5,0,6,0,1,0.24,0.2576,0.87,0.0896,13
16644,12/1/2012,4,1,12,6,0,6,0,1,0.24,0.2424,0.87,0.1343,27
16645,12/1/2012,4,1,12,7,0,6,0,2,0.24,0.2424,0.87,0.1343,63
16646,12/1/2012,4,1,12,8,0,6,0,2,0.24,0.2424,0.87,0.1343,144
16647,12/1/2012,4,1,12,9,0,6,0,2,0.26,0.2424,0.93,0.2537,193
16648,12/1/2012,4,1,12,10,0,6,0,2,0.28,0.2727,0.89,0.1642,256
16649,12/1/2012,4,1,12,11,0,6,0,2,0.32,0.3333,0.76,0.1045,392
16650,12/1/2012,4,1,12,12,0,6,0,2,0.32,0.3333,0.81,0.0896,446
16651,12/1/2012,4,1,12,13,0,6,0,2,0.34,0.3636,0.76,0.0,509
16652,12/1/2012,4,1,12,14,0,6,0,2,0.36,0.3788,0.71,0.0,479
16653,12/1/2012,4,1,12,15,0,6,0,2,0.4,0.4091,0.62,0.0,484
16654,12/1/2012,4,1,12,16,0,6,0,2,0.38,0.3939,0.66,0.0,443
16655,12/1/2012,4,1,12,17,0,6,0,2,0.34,0.3485,0.76,0.1045,320
16656,12/1/2012,4,1,12,18,0,6,0,2,0.34,0.3636,0.76,0.0,297
16657,12/1/2012,4,1,12,19,0,6,0,2,0.32,0.3485,0.81,0.0,249
16658,12/1/2012,4,1,12,20,0,6,0,1,0.32,0.3485,0.81,0.0,198
16659,12/1/2012,4,1,12,21,0,6,0,2,0.3,0.3333,0.87,0.0,158
16660,12/1/2012,4,1,12,22,0,6,0,2,0.3,0.3333,0.87,0.0,147
16661,12/1/2012,4,1,12,23,0,6,0,2,0.32,0.3485,0.81,0.0,126
16662,12/2/2012,4,1,12,0,0,0,0,2,0.3,0.3182,0.87,0.0896,117
16663,12/2/2012,4,1,12,1,0,0,0,2,0.3,0.3182,0.87,0.0896,94
16664,12/2/2012,4,1,12,2,0,0,0,2,0.3,0.3333,0.87,0.0,74
16665,12/2/2012,4,1,12,3,0,0,0,2,0.26,0.303,0.93,0.0,25
16666,12/2/2012,4,1,12,4,0,0,0,2,0.26,0.303,0.93,0.0,7
16667,12/2/2012,4,1,12,5,0,0,0,2,0.26,0.303,0.93,0.0,8
16668,12/2/2012,4,1,12,6,0,0,0,2,0.24,0.2424,0.93,0.1343,16
16669,12/2/2012,4,1,12,7,0,0,0,2,0.24,0.2424,0.93,0.1343,31
16670,12/2/2012,4,1,12,8,0,0,0,2,0.26,0.2879,0.93,0.0896,93
16671,12/2/2012,4,1,12,9,0,0,0,2,0.28,0.2727,0.93,0.1642,172
16672,12/2/2012,4,1,12,10,0,0,0,2,0.3,0.3333,0.87,0.0,293
16673,12/2/2012,4,1,12,11,0,0,0,2,0.32,0.3182,0.81,0.1642,355
16674,12/2/2012,4,1,12,12,0,0,0,2,0.34,0.3333,0.81,0.1642,520
16675,12/2/2012,4,1,12,13,0,0,0,1,0.4,0.4091,0.71,0.2239,431
16676,12/2/2012,4,1,12,14,0,0,0,1,0.44,0.4394,0.62,0.2537,473
16677,12/2/2012,4,1,12,15,0,0,0,1,0.44,0.4394,0.67,0.1343,417
16678,12/2/2012,4,1,12,16,0,0,0,2,0.44,0.4394,0.67,0.1045,443
16679,12/2/2012,4,1,12,17,0,0,0,3,0.4,0.4091,0.76,0.19399999999999998,303
16680,12/2/2012,4,1,12,18,0,0,0,2,0.44,0.4394,0.72,0.1045,203
16681,12/2/2012,4,1,12,19,0,0,0,2,0.4,0.4091,0.82,0.19399999999999998,174
16682,12/2/2012,4,1,12,20,0,0,0,2,0.42,0.4242,0.82,0.19399999999999998,154
16683,12/2/2012,4,1,12,21,0,0,0,2,0.44,0.4394,0.77,0.2239,99
16684,12/2/2012,4,1,12,22,0,0,0,2,0.44,0.4394,0.77,0.19399999999999998,96
16685,12/2/2012,4,1,12,23,0,0,0,2,0.42,0.4242,0.82,0.1343,51
16686,12/3/2012,4,1,12,0,0,1,1,2,0.42,0.4242,0.82,0.1642,21
16687,12/3/2012,4,1,12,1,0,1,1,1,0.4,0.4091,0.82,0.1343,13
16688,12/3/2012,4,1,12,2,0,1,1,1,0.42,0.4242,0.77,0.1642,10
16689,12/3/2012,4,1,12,3,0,1,1,1,0.38,0.3939,0.87,0.0,8
16690,12/3/2012,4,1,12,4,0,1,1,1,0.36,0.3788,0.93,0.0,5
16691,12/3/2012,4,1,12,5,0,1,1,1,0.34,0.3485,0.93,0.0896,38
16692,12/3/2012,4,1,12,6,0,1,1,1,0.36,0.3788,0.93,0.0,138
16693,12/3/2012,4,1,12,7,0,1,1,2,0.34,0.3636,0.93,0.0,396
16694,12/3/2012,4,1,12,8,0,1,1,1,0.36,0.3788,0.93,0.0,731
16695,12/3/2012,4,1,12,9,0,1,1,1,0.4,0.4091,0.87,0.0896,308
16696,12/3/2012,4,1,12,10,0,1,1,1,0.44,0.4394,0.77,0.1343,136
16697,12/3/2012,4,1,12,11,0,1,1,1,0.48,0.4697,0.77,0.1343,233
16698,12/3/2012,4,1,12,12,0,1,1,1,0.52,0.5,0.68,0.1642,268
16699,12/3/2012,4,1,12,13,0,1,1,1,0.58,0.5455,0.56,0.0896,321
16700,12/3/2012,4,1,12,14,0,1,1,1,0.6,0.6212,0.53,0.0,260
16701,12/3/2012,4,1,12,15,0,1,1,1,0.6,0.6212,0.56,0.0,268
16702,12/3/2012,4,1,12,16,0,1,1,1,0.6,0.6212,0.53,0.1343,442
16703,12/3/2012,4,1,12,17,0,1,1,1,0.52,0.5,0.63,0.1045,708
16704,12/3/2012,4,1,12,18,0,1,1,1,0.5,0.4848,0.68,0.0896,692
16705,12/3/2012,4,1,12,19,0,1,1,1,0.5,0.4848,0.68,0.0896,471
16706,12/3/2012,4,1,12,20,0,1,1,2,0.46,0.4545,0.77,0.0,300
16707,12/3/2012,4,1,12,21,0,1,1,1,0.44,0.4394,0.82,0.19399999999999998,221
16708,12/3/2012,4,1,12,22,0,1,1,1,0.42,0.4242,0.82,0.1045,144
16709,12/3/2012,4,1,12,23,0,1,1,1,0.42,0.4242,0.82,0.1045,102
16710,12/4/2012,4,1,12,0,0,2,1,1,0.42,0.4242,0.88,0.1045,55
16711,12/4/2012,4,1,12,1,0,2,1,1,0.42,0.4242,0.82,0.1045,25
16712,12/4/2012,4,1,12,2,0,2,1,1,0.42,0.4242,0.88,0.0896,8
16713,12/4/2012,4,1,12,3,0,2,1,2,0.4,0.4091,0.87,0.1343,4
16714,12/4/2012,4,1,12,4,0,2,1,2,0.4,0.4091,0.87,0.1343,7
16715,12/4/2012,4,1,12,5,0,2,1,2,0.44,0.4394,0.88,0.0,46
16716,12/4/2012,4,1,12,6,0,2,1,2,0.36,0.3788,0.93,0.0,153
16717,12/4/2012,4,1,12,7,0,2,1,1,0.42,0.4242,0.88,0.1343,502
16718,12/4/2012,4,1,12,8,0,2,1,2,0.44,0.4394,0.88,0.1642,721
16719,12/4/2012,4,1,12,9,0,2,1,1,0.46,0.4545,0.82,0.1045,336
16720,12/4/2012,4,1,12,10,0,2,1,1,0.46,0.4545,0.82,0.19399999999999998,156
16721,12/4/2012,4,1,12,11,0,2,1,1,0.48,0.4697,0.77,0.19399999999999998,207
16722,12/4/2012,4,1,12,12,0,2,1,1,0.52,0.5,0.68,0.19399999999999998,312
16723,12/4/2012,4,1,12,13,0,2,1,2,0.54,0.5152,0.64,0.1642,272
16724,12/4/2012,4,1,12,14,0,2,1,2,0.58,0.5455,0.56,0.2239,270
16725,12/4/2012,4,1,12,15,0,2,1,2,0.6,0.6212,0.49,0.2537,300
16726,12/4/2012,4,1,12,16,0,2,1,1,0.58,0.5455,0.49,0.2836,435
16727,12/4/2012,4,1,12,17,0,2,1,1,0.52,0.5,0.59,0.2239,743
16728,12/4/2012,4,1,12,18,0,2,1,1,0.5,0.4848,0.63,0.2239,731
16729,12/4/2012,4,1,12,19,0,2,1,1,0.48,0.4697,0.67,0.2239,460
16730,12/4/2012,4,1,12,20,0,2,1,2,0.5,0.4848,0.63,0.2239,306
16731,12/4/2012,4,1,12,21,0,2,1,2,0.5,0.4848,0.63,0.2537,280
16732,12/4/2012,4,1,12,22,0,2,1,2,0.5,0.4848,0.63,0.2985,181
16733,12/4/2012,4,1,12,23,0,2,1,1,0.48,0.4697,0.67,0.2537,96
16734,12/5/2012,4,1,12,0,0,3,1,1,0.5,0.4848,0.59,0.2836,37
16735,12/5/2012,4,1,12,1,0,3,1,1,0.52,0.5,0.55,0.3284,11
16736,12/5/2012,4,1,12,2,0,3,1,1,0.46,0.4545,0.67,0.1642,9
16737,12/5/2012,4,1,12,3,0,3,1,1,0.48,0.4697,0.67,0.1343,7
16738,12/5/2012,4,1,12,4,0,3,1,1,0.5,0.4848,0.63,0.4478,10
16739,12/5/2012,4,1,12,5,0,3,1,1,0.5,0.4848,0.59,0.2836,49
16740,12/5/2012,4,1,12,6,0,3,1,3,0.48,0.4697,0.55,0.3881,124
16741,12/5/2012,4,1,12,7,0,3,1,3,0.46,0.4545,0.59,0.2985,398
16742,12/5/2012,4,1,12,8,0,3,1,2,0.44,0.4394,0.58,0.2836,759
16743,12/5/2012,4,1,12,9,0,3,1,2,0.44,0.4394,0.51,0.2239,388
16744,12/5/2012,4,1,12,10,0,3,1,2,0.44,0.4394,0.47,0.3582,141
16745,12/5/2012,4,1,12,11,0,3,1,1,0.44,0.4394,0.44,0.2836,172
16746,12/5/2012,4,1,12,12,0,3,1,1,0.44,0.4394,0.41,0.2836,232
16747,12/5/2012,4,1,12,13,0,3,1,1,0.46,0.4545,0.41,0.2836,214
16748,12/5/2012,4,1,12,14,0,3,1,1,0.48,0.4697,0.33,0.4925,218
16749,12/5/2012,4,1,12,15,0,3,1,1,0.48,0.4697,0.33,0.2836,285
16750,12/5/2012,4,1,12,16,0,3,1,1,0.46,0.4545,0.33,0.2836,377
16751,12/5/2012,4,1,12,17,0,3,1,1,0.44,0.4394,0.35,0.2836,605
16752,12/5/2012,4,1,12,18,0,3,1,1,0.42,0.4242,0.35,0.4478,609
16753,12/5/2012,4,1,12,19,0,3,1,1,0.38,0.3939,0.43,0.3582,414
16754,12/5/2012,4,1,12,20,0,3,1,1,0.34,0.303,0.46,0.3881,293
16755,12/5/2012,4,1,12,21,0,3,1,1,0.34,0.303,0.46,0.4179,198
16756,12/5/2012,4,1,12,22,0,3,1,1,0.32,0.2879,0.45,0.3881,105
16757,12/5/2012,4,1,12,23,0,3,1,1,0.3,0.2727,0.49,0.3881,74
16758,12/6/2012,4,1,12,0,0,4,1,1,0.26,0.2424,0.48,0.2836,44
16759,12/6/2012,4,1,12,1,0,4,1,1,0.26,0.2424,0.48,0.2836,16
16760,12/6/2012,4,1,12,2,0,4,1,1,0.24,0.2121,0.52,0.2836,9
16761,12/6/2012,4,1,12,3,0,4,1,1,0.22,0.2273,0.55,0.19399999999999998,2
16762,12/6/2012,4,1,12,4,0,4,1,1,0.22,0.2121,0.55,0.2985,9
16763,12/6/2012,4,1,12,5,0,4,1,1,0.22,0.2121,0.55,0.2836,32
16764,12/6/2012,4,1,12,6,0,4,1,1,0.22,0.2121,0.55,0.2985,124
16765,12/6/2012,4,1,12,7,0,4,1,1,0.22,0.2121,0.51,0.2985,389
16766,12/6/2012,4,1,12,8,0,4,1,1,0.22,0.2121,0.51,0.2985,659
16767,12/6/2012,4,1,12,9,0,4,1,1,0.24,0.2273,0.48,0.19399999999999998,276
16768,12/6/2012,4,1,12,10,0,4,1,1,0.24,0.2273,0.52,0.19399999999999998,145
16769,12/6/2012,4,1,12,11,0,4,1,1,0.26,0.2576,0.48,0.1642,178
16770,12/6/2012,4,1,12,12,0,4,1,1,0.28,0.3182,0.41,0.0,235
16771,12/6/2012,4,1,12,13,0,4,1,1,0.3,0.3333,0.39,0.0,245
16772,12/6/2012,4,1,12,14,0,4,1,1,0.3,0.3182,0.42,0.0896,212
16773,12/6/2012,4,1,12,15,0,4,1,1,0.32,0.3485,0.39,0.0,270
16774,12/6/2012,4,1,12,16,0,4,1,1,0.32,0.3485,0.42,0.0,331
16775,12/6/2012,4,1,12,17,0,4,1,1,0.3,0.3182,0.45,0.1045,617
16776,12/6/2012,4,1,12,18,0,4,1,1,0.28,0.2727,0.45,0.1642,565
16777,12/6/2012,4,1,12,19,0,4,1,1,0.26,0.2576,0.6,0.19399999999999998,373
16778,12/6/2012,4,1,12,20,0,4,1,2,0.24,0.2576,0.6,0.1045,227
16779,12/6/2012,4,1,12,21,0,4,1,2,0.24,0.2424,0.6,0.1343,191
16780,12/6/2012,4,1,12,22,0,4,1,1,0.24,0.2424,0.65,0.1642,133
16781,12/6/2012,4,1,12,23,0,4,1,1,0.24,0.2424,0.65,0.1642,93
16782,12/7/2012,4,1,12,0,0,5,1,1,0.24,0.2576,0.7,0.1045,48
16783,12/7/2012,4,1,12,1,0,5,1,2,0.24,0.2273,0.7,0.19399999999999998,28
16784,12/7/2012,4,1,12,2,0,5,1,2,0.26,0.2727,0.7,0.1343,11
16785,12/7/2012,4,1,12,3,0,5,1,2,0.26,0.2576,0.81,0.19399999999999998,5
16786,12/7/2012,4,1,12,4,0,5,1,1,0.26,0.2727,0.75,0.1045,10
16787,12/7/2012,4,1,12,5,0,5,1,2,0.26,0.2727,0.81,0.1045,26
16788,12/7/2012,4,1,12,6,0,5,1,2,0.28,0.2727,0.75,0.1642,84
16789,12/7/2012,4,1,12,7,0,5,1,3,0.28,0.2727,0.81,0.1642,215
16790,12/7/2012,4,1,12,8,0,5,1,2,0.3,0.2879,0.75,0.19399999999999998,441
16791,12/7/2012,4,1,12,9,0,5,1,2,0.3,0.303,0.81,0.1343,301
16792,12/7/2012,4,1,12,10,0,5,1,2,0.32,0.3182,0.76,0.1642,166
16793,12/7/2012,4,1,12,11,0,5,1,2,0.32,0.3182,0.76,0.19399999999999998,203
16794,12/7/2012,4,1,12,12,0,5,1,2,0.34,0.3333,0.71,0.19399999999999998,240
16795,12/7/2012,4,1,12,13,0,5,1,2,0.36,0.3485,0.66,0.1343,220
16796,12/7/2012,4,1,12,14,0,5,1,2,0.36,0.3485,0.71,0.1642,215
16797,12/7/2012,4,1,12,15,0,5,1,2,0.36,0.3485,0.71,0.1642,303
16798,12/7/2012,4,1,12,16,0,5,1,1,0.36,0.3485,0.76,0.1343,375
16799,12/7/2012,4,1,12,17,0,5,1,2,0.38,0.3939,0.66,0.0,568
16800,12/7/2012,4,1,12,18,0,5,1,2,0.38,0.3939,0.71,0.1045,498
16801,12/7/2012,4,1,12,19,0,5,1,2,0.38,0.3939,0.76,0.0,352
16802,12/7/2012,4,1,12,20,0,5,1,3,0.38,0.3939,0.76,0.1045,241
16803,12/7/2012,4,1,12,21,0,5,1,2,0.36,0.3636,0.93,0.1045,171
16804,12/7/2012,4,1,12,22,0,5,1,2,0.36,0.3636,0.93,0.0896,165
16805,12/7/2012,4,1,12,23,0,5,1,2,0.36,0.3636,0.93,0.0896,122
16806,12/8/2012,4,1,12,0,0,6,0,2,0.36,0.3636,0.93,0.0896,103
16807,12/8/2012,4,1,12,1,0,6,0,2,0.36,0.3485,0.93,0.1343,100
16808,12/8/2012,4,1,12,2,0,6,0,2,0.36,0.3485,0.93,0.1343,70
16809,12/8/2012,4,1,12,3,0,6,0,2,0.36,0.3636,0.93,0.1045,29
16810,12/8/2012,4,1,12,4,0,6,0,2,0.36,0.3788,0.93,0.0,12
16811,12/8/2012,4,1,12,5,0,6,0,2,0.36,0.3636,0.93,0.1045,6
16812,12/8/2012,4,1,12,6,0,6,0,2,0.36,0.3636,0.93,0.1045,20
16813,12/8/2012,4,1,12,7,0,6,0,2,0.36,0.3636,1.0,0.0896,39
16814,12/8/2012,4,1,12,8,0,6,0,2,0.38,0.3939,0.94,0.0896,111
16815,12/8/2012,4,1,12,9,0,6,0,2,0.38,0.3939,0.94,0.0,170
16816,12/8/2012,4,1,12,10,0,6,0,2,0.4,0.4091,0.87,0.1343,287
16817,12/8/2012,4,1,12,11,0,6,0,2,0.4,0.4091,0.87,0.1045,404
16818,12/8/2012,4,1,12,12,0,6,0,2,0.4,0.4091,0.87,0.2239,486
16819,12/8/2012,4,1,12,13,0,6,0,2,0.4,0.4091,0.87,0.1642,547
16820,12/8/2012,4,1,12,14,0,6,0,2,0.4,0.4091,0.87,0.2836,542
16821,12/8/2012,4,1,12,15,0,6,0,1,0.42,0.4242,0.82,0.1642,541
16822,12/8/2012,4,1,12,16,0,6,0,1,0.42,0.4242,0.82,0.1642,507
16823,12/8/2012,4,1,12,17,0,6,0,1,0.38,0.3939,0.87,0.1343,345
16824,12/8/2012,4,1,12,18,0,6,0,1,0.4,0.4091,0.87,0.1045,304
16825,12/8/2012,4,1,12,19,0,6,0,1,0.4,0.4091,0.87,0.0,246
16826,12/8/2012,4,1,12,20,0,6,0,2,0.36,0.3788,1.0,0.0,182
16827,12/8/2012,4,1,12,21,0,6,0,2,0.36,0.3788,1.0,0.0,209
16828,12/8/2012,4,1,12,22,0,6,0,2,0.38,0.3939,0.94,0.1045,160
16829,12/8/2012,4,1,12,23,0,6,0,2,0.4,0.4091,0.94,0.0,162
16830,12/9/2012,4,1,12,0,0,0,0,2,0.4,0.4091,0.87,0.1343,118
16831,12/9/2012,4,1,12,1,0,0,0,2,0.4,0.4091,0.87,0.1045,102
16832,12/9/2012,4,1,12,2,0,0,0,2,0.4,0.4091,0.87,0.1045,78
16833,12/9/2012,4,1,12,3,0,0,0,2,0.4,0.4091,0.87,0.1045,48
16834,12/9/2012,4,1,12,4,0,0,0,2,0.4,0.4091,0.94,0.1045,12
16835,12/9/2012,4,1,12,5,0,0,0,2,0.4,0.4091,0.87,0.1045,8
16836,12/9/2012,4,1,12,6,0,0,0,3,0.4,0.4091,0.94,0.1045,6
16837,12/9/2012,4,1,12,7,0,0,0,3,0.4,0.4091,0.87,0.2239,23
16838,12/9/2012,4,1,12,8,0,0,0,3,0.4,0.4091,0.87,0.1642,69
16839,12/9/2012,4,1,12,9,0,0,0,2,0.4,0.4091,0.87,0.2537,103
16840,12/9/2012,4,1,12,10,0,0,0,2,0.4,0.4091,0.87,0.2836,219
16841,12/9/2012,4,1,12,11,0,0,0,2,0.4,0.4091,0.87,0.2985,250
16842,12/9/2012,4,1,12,12,0,0,0,2,0.4,0.4091,0.82,0.2985,315
16843,12/9/2012,4,1,12,13,0,0,0,2,0.38,0.3939,0.87,0.2836,285
16844,12/9/2012,4,1,12,14,0,0,0,2,0.38,0.3939,0.87,0.19399999999999998,232
16845,12/9/2012,4,1,12,15,0,0,0,3,0.36,0.3485,0.93,0.1642,225
16846,12/9/2012,4,1,12,16,0,0,0,3,0.36,0.3485,0.93,0.1642,253
16847,12/9/2012,4,1,12,17,0,0,0,3,0.36,0.3485,0.93,0.1343,229
16848,12/9/2012,4,1,12,18,0,0,0,3,0.36,0.3636,0.93,0.0896,198
16849,12/9/2012,4,1,12,19,0,0,0,3,0.38,0.3939,0.94,0.0896,122
16850,12/9/2012,4,1,12,20,0,0,0,3,0.36,0.3636,1.0,0.0896,108
16851,12/9/2012,4,1,12,21,0,0,0,2,0.36,0.3636,1.0,0.1045,96
16852,12/9/2012,4,1,12,22,0,0,0,3,0.36,0.3636,0.93,0.1045,78
16853,12/9/2012,4,1,12,23,0,0,0,3,0.36,0.3636,1.0,0.0896,51
16854,12/10/2012,4,1,12,0,0,1,1,3,0.36,0.3636,1.0,0.0896,20
16855,12/10/2012,4,1,12,1,0,1,1,2,0.36,0.3788,1.0,0.0,4
16856,12/10/2012,4,1,12,2,0,1,1,2,0.38,0.3939,0.94,0.1045,5
16857,12/10/2012,4,1,12,3,0,1,1,2,0.38,0.3939,0.94,0.1045,4
16858,12/10/2012,4,1,12,4,0,1,1,2,0.38,0.3939,0.94,0.1045,12
16859,12/10/2012,4,1,12,5,0,1,1,2,0.38,0.3939,0.94,0.1045,27
16860,12/10/2012,4,1,12,6,0,1,1,2,0.38,0.3939,0.94,0.1642,123
16861,12/10/2012,4,1,12,7,0,1,1,2,0.38,0.3939,0.94,0.2537,294
16862,12/10/2012,4,1,12,8,0,1,1,2,0.42,0.4242,1.0,0.2537,584
16863,12/10/2012,4,1,12,9,0,1,1,2,0.42,0.4242,1.0,0.2239,284
16864,12/10/2012,4,1,12,10,0,1,1,2,0.44,0.4394,0.94,0.2239,133
16865,12/10/2012,4,1,12,11,0,1,1,3,0.46,0.4545,0.94,0.2239,134
16866,12/10/2012,4,1,12,12,0,1,1,3,0.44,0.4394,1.0,0.2239,173
16867,12/10/2012,4,1,12,13,0,1,1,3,0.44,0.4394,1.0,0.2239,220
16868,12/10/2012,4,1,12,14,0,1,1,2,0.5,0.4848,0.94,0.2239,210
16869,12/10/2012,4,1,12,15,0,1,1,2,0.5,0.4848,0.87,0.1642,236
16870,12/10/2012,4,1,12,16,0,1,1,2,0.5,0.4848,0.88,0.1045,345
16871,12/10/2012,4,1,12,17,0,1,1,2,0.48,0.4697,0.82,0.2836,616
16872,12/10/2012,4,1,12,18,0,1,1,2,0.46,0.4545,0.88,0.2836,564
16873,12/10/2012,4,1,12,19,0,1,1,1,0.52,0.5,0.77,0.2836,427
16874,12/10/2012,4,1,12,20,0,1,1,1,0.46,0.4545,0.88,0.2537,300
16875,12/10/2012,4,1,12,21,0,1,1,2,0.46,0.4545,0.94,0.19399999999999998,245
16876,12/10/2012,4,1,12,22,0,1,1,2,0.5,0.4848,0.82,0.2239,126
16877,12/10/2012,4,1,12,23,0,1,1,1,0.46,0.4545,0.88,0.2537,84
16878,12/11/2012,4,1,12,0,0,2,1,3,0.46,0.4545,0.77,0.4627,31
16879,12/11/2012,4,1,12,1,0,2,1,1,0.42,0.4242,0.71,0.4478,8
16880,12/11/2012,4,1,12,2,0,2,1,2,0.4,0.4091,0.66,0.3284,1
16881,12/11/2012,4,1,12,3,0,2,1,3,0.36,0.3333,0.76,0.2836,3
16882,12/11/2012,4,1,12,4,0,2,1,2,0.34,0.3182,0.76,0.2836,8
16883,12/11/2012,4,1,12,5,0,2,1,3,0.34,0.303,0.71,0.3284,41
16884,12/11/2012,4,1,12,6,0,2,1,2,0.34,0.303,0.71,0.2985,118
16885,12/11/2012,4,1,12,7,0,2,1,1,0.34,0.303,0.66,0.4179,380
16886,12/11/2012,4,1,12,8,0,2,1,2,0.34,0.303,0.61,0.2985,724
16887,12/11/2012,4,1,12,9,0,2,1,1,0.34,0.303,0.61,0.3881,334
16888,12/11/2012,4,1,12,10,0,2,1,1,0.36,0.3333,0.57,0.3284,154
16889,12/11/2012,4,1,12,11,0,2,1,2,0.36,0.3333,0.53,0.3582,173
16890,12/11/2012,4,1,12,12,0,2,1,2,0.36,0.3182,0.53,0.4478,226
16891,12/11/2012,4,1,12,13,0,2,1,2,0.38,0.3939,0.5,0.2239,254
16892,12/11/2012,4,1,12,14,0,2,1,2,0.38,0.3939,0.5,0.2239,204
16893,12/11/2012,4,1,12,15,0,2,1,2,0.38,0.3939,0.5,0.2239,270
16894,12/11/2012,4,1,12,16,0,2,1,2,0.38,0.3939,0.5,0.2239,358
16895,12/11/2012,4,1,12,17,0,2,1,1,0.32,0.303,0.53,0.2239,601
16896,12/11/2012,4,1,12,18,0,2,1,1,0.32,0.303,0.53,0.2239,546
16897,12/11/2012,4,1,12,19,0,2,1,1,0.32,0.303,0.53,0.2239,433
16898,12/11/2012,4,1,12,20,0,2,1,1,0.32,0.303,0.53,0.2239,257
16899,12/11/2012,4,1,12,21,0,2,1,1,0.32,0.3182,0.53,0.19399999999999998,207
16900,12/11/2012,4,1,12,22,0,2,1,1,0.3,0.2879,0.56,0.2239,106
16901,12/11/2012,4,1,12,23,0,2,1,1,0.3,0.2879,0.52,0.2239,64
16902,12/12/2012,4,1,12,0,0,3,1,1,0.3,0.303,0.52,0.1642,34
16903,12/12/2012,4,1,12,1,0,3,1,1,0.28,0.2727,0.61,0.2239,21
16904,12/12/2012,4,1,12,2,0,3,1,1,0.28,0.2727,0.56,0.1642,9
16905,12/12/2012,4,1,12,3,0,3,1,1,0.26,0.2727,0.6,0.1343,10
16906,12/12/2012,4,1,12,4,0,3,1,1,0.26,0.303,0.6,0.0,4
16907,12/12/2012,4,1,12,5,0,3,1,1,0.26,0.2576,0.6,0.19399999999999998,37
16908,12/12/2012,4,1,12,6,0,3,1,2,0.26,0.2424,0.6,0.2537,128
16909,12/12/2012,4,1,12,7,0,3,1,2,0.26,0.2576,0.6,0.19399999999999998,369
16910,12/12/2012,4,1,12,8,0,3,1,2,0.26,0.2576,0.65,0.1642,688
16911,12/12/2012,4,1,12,9,0,3,1,2,0.28,0.2879,0.61,0.1343,285
16912,12/12/2012,4,1,12,10,0,3,1,2,0.3,0.303,0.56,0.1642,136
16913,12/12/2012,4,1,12,11,0,3,1,2,0.32,0.303,0.49,0.2239,172
16914,12/12/2012,4,1,12,12,0,3,1,2,0.34,0.3636,0.42,0.0,232
16915,12/12/2012,4,1,12,13,0,3,1,2,0.34,0.3636,0.42,0.0,238
16916,12/12/2012,4,1,12,14,0,3,1,2,0.34,0.3636,0.46,0.0,225
16917,12/12/2012,4,1,12,15,0,3,1,2,0.34,0.3485,0.46,0.1045,228
16918,12/12/2012,4,1,12,16,0,3,1,2,0.34,0.3333,0.46,0.1343,329
16919,12/12/2012,4,1,12,17,0,3,1,2,0.32,0.303,0.53,0.2239,561
16920,12/12/2012,4,1,12,18,0,3,1,2,0.32,0.303,0.49,0.2239,540
16921,12/12/2012,4,1,12,19,0,3,1,2,0.3,0.2879,0.56,0.2239,402
16922,12/12/2012,4,1,12,20,0,3,1,1,0.3,0.2879,0.52,0.2836,268
16923,12/12/2012,4,1,12,21,0,3,1,2,0.3,0.2879,0.52,0.2537,202
16924,12/12/2012,4,1,12,22,0,3,1,2,0.3,0.2879,0.52,0.2239,122
16925,12/12/2012,4,1,12,23,0,3,1,2,0.28,0.2727,0.56,0.2239,79
16926,12/13/2012,4,1,12,0,0,4,1,2,0.28,0.2727,0.52,0.2239,32
16927,12/13/2012,4,1,12,1,0,4,1,2,0.28,0.2576,0.52,0.2836,23
16928,12/13/2012,4,1,12,2,0,4,1,2,0.26,0.2424,0.56,0.2537,8
16929,12/13/2012,4,1,12,3,0,4,1,2,0.26,0.2424,0.56,0.2836,2
16930,12/13/2012,4,1,12,4,0,4,1,2,0.26,0.2576,0.56,0.19399999999999998,8
16931,12/13/2012,4,1,12,5,0,4,1,2,0.26,0.2576,0.56,0.1642,33
16932,12/13/2012,4,1,12,6,0,4,1,1,0.26,0.2424,0.56,0.2537,114
16933,12/13/2012,4,1,12,7,0,4,1,1,0.24,0.2273,0.6,0.2239,385
16934,12/13/2012,4,1,12,8,0,4,1,1,0.24,0.2273,0.6,0.19399999999999998,679
16935,12/13/2012,4,1,12,9,0,4,1,1,0.28,0.2727,0.52,0.2537,325
16936,12/13/2012,4,1,12,10,0,4,1,1,0.32,0.303,0.45,0.2836,167
16937,12/13/2012,4,1,12,11,0,4,1,1,0.34,0.3182,0.42,0.2537,189
16938,12/13/2012,4,1,12,12,0,4,1,1,0.36,0.3333,0.4,0.2537,282
16939,12/13/2012,4,1,12,13,0,4,1,1,0.36,0.3485,0.34,0.19399999999999998,271
16940,12/13/2012,4,1,12,14,0,4,1,1,0.36,0.3485,0.34,0.1642,242
16941,12/13/2012,4,1,12,15,0,4,1,1,0.36,0.3485,0.34,0.1343,280
16942,12/13/2012,4,1,12,16,0,4,1,1,0.34,0.3485,0.39,0.1045,406
16943,12/13/2012,4,1,12,17,0,4,1,1,0.32,0.3333,0.42,0.1045,550
16944,12/13/2012,4,1,12,18,0,4,1,1,0.32,0.3333,0.42,0.1045,466
16945,12/13/2012,4,1,12,19,0,4,1,1,0.3,0.303,0.45,0.1642,348
16946,12/13/2012,4,1,12,20,0,4,1,1,0.3,0.3333,0.45,0.0,241
16947,12/13/2012,4,1,12,21,0,4,1,1,0.28,0.3182,0.48,0.0,213
16948,12/13/2012,4,1,12,22,0,4,1,1,0.26,0.2879,0.6,0.0896,148
16949,12/13/2012,4,1,12,23,0,4,1,1,0.26,0.303,0.6,0.0,120
16950,12/14/2012,4,1,12,0,0,5,1,1,0.22,0.2576,0.64,0.0896,47
16951,12/14/2012,4,1,12,1,0,5,1,1,0.22,0.2576,0.69,0.0896,26
16952,12/14/2012,4,1,12,2,0,5,1,1,0.22,0.2727,0.69,0.0,9
16953,12/14/2012,4,1,12,3,0,5,1,1,0.2,0.2273,0.69,0.1045,12
16954,12/14/2012,4,1,12,4,0,5,1,1,0.2,0.2273,0.75,0.0896,10
16955,12/14/2012,4,1,12,5,0,5,1,1,0.2,0.2273,0.69,0.1045,34
16956,12/14/2012,4,1,12,6,0,5,1,1,0.16,0.1818,0.8,0.1045,113
16957,12/14/2012,4,1,12,7,0,5,1,1,0.2,0.2121,0.72,0.1045,308
16958,12/14/2012,4,1,12,8,0,5,1,1,0.2,0.2273,0.69,0.0896,636
16959,12/14/2012,4,1,12,9,0,5,1,1,0.24,0.2424,0.75,0.1343,343
16960,12/14/2012,4,1,12,10,0,5,1,1,0.26,0.2576,0.81,0.19399999999999998,190
16961,12/14/2012,4,1,12,11,0,5,1,1,0.32,0.303,0.65,0.19399999999999998,211
16962,12/14/2012,4,1,12,12,0,5,1,1,0.36,0.3485,0.5,0.19399999999999998,273
16963,12/14/2012,4,1,12,13,0,5,1,1,0.36,0.3485,0.5,0.2239,313
16964,12/14/2012,4,1,12,14,0,5,1,1,0.4,0.4091,0.43,0.19399999999999998,299
16965,12/14/2012,4,1,12,15,0,5,1,1,0.4,0.4091,0.47,0.1642,309
16966,12/14/2012,4,1,12,16,0,5,1,1,0.38,0.3939,0.54,0.19399999999999998,417
16967,12/14/2012,4,1,12,17,0,5,1,1,0.34,0.3333,0.57,0.1642,622
16968,12/14/2012,4,1,12,18,0,5,1,1,0.36,0.3485,0.46,0.1343,455
16969,12/14/2012,4,1,12,19,0,5,1,1,0.34,0.3485,0.53,0.0896,319
16970,12/14/2012,4,1,12,20,0,5,1,1,0.32,0.3333,0.61,0.1343,221
16971,12/14/2012,4,1,12,21,0,5,1,1,0.3,0.303,0.75,0.1642,172
16972,12/14/2012,4,1,12,22,0,5,1,1,0.28,0.2879,0.75,0.1045,138
16973,12/14/2012,4,1,12,23,0,5,1,1,0.28,0.303,0.75,0.0896,134
16974,12/15/2012,4,1,12,0,0,6,0,1,0.3,0.3333,0.7,0.0,94
16975,12/15/2012,4,1,12,1,0,6,0,2,0.26,0.2879,0.81,0.0896,95
16976,12/15/2012,4,1,12,2,0,6,0,1,0.26,0.303,0.81,0.0,69
16977,12/15/2012,4,1,12,3,0,6,0,2,0.24,0.2879,0.81,0.0,23
16978,12/15/2012,4,1,12,4,0,6,0,2,0.24,0.2576,0.87,0.1045,6
16979,12/15/2012,4,1,12,5,0,6,0,2,0.26,0.303,0.75,0.0,3
16980,12/15/2012,4,1,12,6,0,6,0,2,0.24,0.2879,0.75,0.0,11
16981,12/15/2012,4,1,12,7,0,6,0,2,0.24,0.2576,0.75,0.0896,48
16982,12/15/2012,4,1,12,8,0,6,0,2,0.26,0.2879,0.75,0.0896,119
16983,12/15/2012,4,1,12,9,0,6,0,1,0.26,0.2727,0.75,0.1045,220
16984,12/15/2012,4,1,12,10,0,6,0,1,0.32,0.3182,0.61,0.1642,273
16985,12/15/2012,4,1,12,11,0,6,0,1,0.34,0.3485,0.61,0.0896,393
16986,12/15/2012,4,1,12,12,0,6,0,1,0.38,0.3939,0.5,0.0896,453
16987,12/15/2012,4,1,12,13,0,6,0,1,0.38,0.3939,0.54,0.2537,456
16988,12/15/2012,4,1,12,14,0,6,0,1,0.4,0.4091,0.5,0.1642,426
16989,12/15/2012,4,1,12,15,0,6,0,1,0.42,0.4242,0.47,0.0,447
16990,12/15/2012,4,1,12,16,0,6,0,1,0.4,0.4091,0.5,0.1343,413
16991,12/15/2012,4,1,12,17,0,6,0,1,0.4,0.4091,0.5,0.2239,309
16992,12/15/2012,4,1,12,18,0,6,0,1,0.38,0.3939,0.58,0.1642,272
16993,12/15/2012,4,1,12,19,0,6,0,1,0.36,0.3485,0.62,0.1343,257
16994,12/15/2012,4,1,12,20,0,6,0,2,0.36,0.3485,0.57,0.19399999999999998,201
16995,12/15/2012,4,1,12,21,0,6,0,1,0.36,0.3485,0.62,0.1343,184
16996,12/15/2012,4,1,12,22,0,6,0,1,0.36,0.3485,0.62,0.19399999999999998,156
16997,12/15/2012,4,1,12,23,0,6,0,2,0.36,0.3485,0.62,0.1343,119
16998,12/16/2012,4,1,12,0,0,0,0,2,0.36,0.3788,0.62,0.0,110
16999,12/16/2012,4,1,12,1,0,0,0,3,0.34,0.3485,0.76,0.1045,96
17000,12/16/2012,4,1,12,2,0,0,0,2,0.34,0.3485,0.87,0.0896,87
17001,12/16/2012,4,1,12,3,0,0,0,2,0.34,0.3333,0.87,0.19399999999999998,38
17002,12/16/2012,4,1,12,4,0,0,0,2,0.34,0.3636,0.87,0.0,11
17003,12/16/2012,4,1,12,5,0,0,0,2,0.34,0.3636,0.87,0.0,9
17004,12/16/2012,4,1,12,6,0,0,0,2,0.34,0.3636,0.87,0.0,6
17005,12/16/2012,4,1,12,7,0,0,0,2,0.34,0.3485,0.87,0.0896,27
17006,12/16/2012,4,1,12,8,0,0,0,2,0.36,0.3485,0.87,0.1343,88
17007,12/16/2012,4,1,12,9,0,0,0,2,0.36,0.3485,0.87,0.1343,132
17008,12/16/2012,4,1,12,10,0,0,0,2,0.36,0.3485,0.87,0.1343,257
17009,12/16/2012,4,1,12,11,0,0,0,2,0.36,0.3485,0.87,0.1343,295
17010,12/16/2012,4,1,12,12,0,0,0,2,0.38,0.3939,0.82,0.19399999999999998,417
17011,12/16/2012,4,1,12,13,0,0,0,2,0.38,0.3939,0.76,0.19399999999999998,356
17012,12/16/2012,4,1,12,14,0,0,0,2,0.38,0.3939,0.76,0.1343,310
17013,12/16/2012,4,1,12,15,0,0,0,2,0.38,0.3939,0.82,0.1045,338
17014,12/16/2012,4,1,12,16,0,0,0,2,0.38,0.3939,0.82,0.1045,400
17015,12/16/2012,4,1,12,17,0,0,0,2,0.38,0.3939,0.82,0.1045,243
17016,12/16/2012,4,1,12,18,0,0,0,3,0.38,0.3939,0.82,0.1045,107
17017,12/16/2012,4,1,12,19,0,0,0,1,0.36,0.3485,0.93,0.1343,109
17018,12/16/2012,4,1,12,20,0,0,0,2,0.38,0.3939,0.82,0.0,122
17019,12/16/2012,4,1,12,21,0,0,0,2,0.36,0.3788,0.93,0.0,106
17020,12/16/2012,4,1,12,22,0,0,0,2,0.4,0.4091,0.82,0.19399999999999998,89
17021,12/16/2012,4,1,12,23,0,0,0,2,0.36,0.3485,0.93,0.1343,33
17022,12/17/2012,4,1,12,0,0,1,1,2,0.38,0.3939,0.87,0.0,28
17023,12/17/2012,4,1,12,1,0,1,1,2,0.38,0.3939,0.87,0.1045,15
17024,12/17/2012,4,1,12,2,0,1,1,2,0.38,0.3939,0.94,0.0,5
17025,12/17/2012,4,1,12,3,0,1,1,2,0.36,0.3788,0.93,0.0,3
17026,12/17/2012,4,1,12,4,0,1,1,3,0.36,0.3788,1.0,0.0,5
17027,12/17/2012,4,1,12,5,0,1,1,2,0.38,0.3939,0.87,0.0,24
17028,12/17/2012,4,1,12,6,0,1,1,2,0.36,0.3485,0.93,0.1343,108
17029,12/17/2012,4,1,12,7,0,1,1,2,0.36,0.3485,0.93,0.1343,319
17030,12/17/2012,4,1,12,8,0,1,1,2,0.38,0.3939,0.87,0.1045,592
17031,12/17/2012,4,1,12,9,0,1,1,2,0.4,0.4091,0.87,0.0,282
17032,12/17/2012,4,1,12,10,0,1,1,2,0.38,0.3939,0.87,0.0896,135
17033,12/17/2012,4,1,12,11,0,1,1,2,0.4,0.4091,0.87,0.0896,170
17034,12/17/2012,4,1,12,12,0,1,1,2,0.4,0.4091,0.87,0.0,232
17035,12/17/2012,4,1,12,13,0,1,1,2,0.4,0.4091,0.87,0.1343,210
17036,12/17/2012,4,1,12,14,0,1,1,2,0.4,0.4091,0.87,0.0896,181
17037,12/17/2012,4,1,12,15,0,1,1,2,0.42,0.4242,0.88,0.0,211
17038,12/17/2012,4,1,12,16,0,1,1,3,0.4,0.4091,0.94,0.2537,302
17039,12/17/2012,4,1,12,17,0,1,1,2,0.4,0.4091,0.94,0.2537,495
17040,12/17/2012,4,1,12,18,0,1,1,2,0.4,0.4091,0.94,0.0896,507
17041,12/17/2012,4,1,12,19,0,1,1,2,0.42,0.4242,0.88,0.1343,340
17042,12/17/2012,4,1,12,20,0,1,1,2,0.42,0.4242,0.94,0.2537,200
17043,12/17/2012,4,1,12,21,0,1,1,2,0.42,0.4242,0.94,0.1343,120
17044,12/17/2012,4,1,12,22,0,1,1,2,0.42,0.4242,0.94,0.1343,54
17045,12/17/2012,4,1,12,23,0,1,1,3,0.42,0.4242,0.94,0.2239,47
17046,12/18/2012,4,1,12,0,0,2,1,2,0.44,0.4394,0.94,0.1343,18
17047,12/18/2012,4,1,12,1,0,2,1,2,0.44,0.4394,0.94,0.1343,15
17048,12/18/2012,4,1,12,2,0,2,1,2,0.44,0.4394,0.88,0.2239,7
17049,12/18/2012,4,1,12,3,0,2,1,1,0.42,0.4242,0.88,0.19399999999999998,5
17050,12/18/2012,4,1,12,4,0,2,1,1,0.42,0.4242,0.82,0.1642,8
17051,12/18/2012,4,1,12,5,0,2,1,1,0.38,0.3939,0.87,0.0896,36
17052,12/18/2012,4,1,12,6,0,2,1,1,0.36,0.3485,0.93,0.1642,118
17053,12/18/2012,4,1,12,7,0,2,1,1,0.36,0.3485,0.93,0.1343,355
17054,12/18/2012,4,1,12,8,0,2,1,1,0.38,0.3939,0.94,0.0,662
17055,12/18/2012,4,1,12,9,0,2,1,1,0.4,0.4091,0.87,0.0896,326
17056,12/18/2012,4,1,12,10,0,2,1,1,0.44,0.4394,0.77,0.0896,184
17057,12/18/2012,4,1,12,11,0,2,1,1,0.48,0.4697,0.63,0.2239,269
17058,12/18/2012,4,1,12,12,0,2,1,3,0.48,0.4697,0.48,0.2537,313
17059,12/18/2012,4,1,12,13,0,2,1,1,0.5,0.4848,0.42,0.2836,286
17060,12/18/2012,4,1,12,14,0,2,1,1,0.46,0.4545,0.47,0.4478,247
17061,12/18/2012,4,1,12,15,0,2,1,1,0.46,0.4545,0.44,0.4925,246
17062,12/18/2012,4,1,12,16,0,2,1,1,0.44,0.4394,0.41,0.4627,363
17063,12/18/2012,4,1,12,17,0,2,1,1,0.4,0.4091,0.47,0.4478,572
17064,12/18/2012,4,1,12,18,0,2,1,1,0.38,0.3939,0.46,0.3284,525
17065,12/18/2012,4,1,12,19,0,2,1,1,0.38,0.3939,0.46,0.3881,353
17066,12/18/2012,4,1,12,20,0,2,1,1,0.36,0.3333,0.5,0.2537,268
17067,12/18/2012,4,1,12,21,0,2,1,1,0.36,0.3485,0.5,0.2239,168
17068,12/18/2012,4,1,12,22,0,2,1,1,0.34,0.3333,0.49,0.0,132
17069,12/18/2012,4,1,12,23,0,2,1,1,0.34,0.3485,0.49,0.0896,81
17070,12/19/2012,4,1,12,0,0,3,1,1,0.3,0.3182,0.61,0.0,41
17071,12/19/2012,4,1,12,1,0,3,1,1,0.3,0.3182,0.65,0.0896,15
17072,12/19/2012,4,1,12,2,0,3,1,1,0.28,0.303,0.65,0.0896,3
17073,12/19/2012,4,1,12,3,0,3,1,1,0.26,0.2727,0.75,0.1343,5
17074,12/19/2012,4,1,12,4,0,3,1,1,0.24,0.2424,0.75,0.1343,7
17075,12/19/2012,4,1,12,5,0,3,1,1,0.26,0.2879,0.75,0.0896,31
17076,12/19/2012,4,1,12,6,0,3,1,1,0.24,0.2576,0.75,0.0896,112
17077,12/19/2012,4,1,12,7,0,3,1,1,0.26,0.2727,0.75,0.1343,363
17078,12/19/2012,4,1,12,8,0,3,1,1,0.24,0.2576,0.87,0.1045,678
17079,12/19/2012,4,1,12,9,0,3,1,1,0.28,0.2879,0.75,0.1045,317
17080,12/19/2012,4,1,12,10,0,3,1,1,0.32,0.3333,0.7,0.1045,164
17081,12/19/2012,4,1,12,11,0,3,1,1,0.4,0.4091,0.54,0.2239,200
17082,12/19/2012,4,1,12,12,0,3,1,1,0.4,0.4091,0.54,0.2836,236
17083,12/19/2012,4,1,12,13,0,3,1,1,0.42,0.4242,0.5,0.19399999999999998,213
17084,12/19/2012,4,1,12,14,0,3,1,1,0.42,0.4242,0.5,0.19399999999999998,218
17085,12/19/2012,4,1,12,15,0,3,1,1,0.42,0.4242,0.5,0.2836,237
17086,12/19/2012,4,1,12,16,0,3,1,1,0.42,0.4242,0.5,0.3582,334
17087,12/19/2012,4,1,12,17,0,3,1,1,0.4,0.4091,0.5,0.3881,562
17088,12/19/2012,4,1,12,18,0,3,1,1,0.38,0.3939,0.5,0.3582,569
17089,12/19/2012,4,1,12,19,0,3,1,1,0.38,0.3939,0.5,0.3881,336
17090,12/19/2012,4,1,12,20,0,3,1,1,0.36,0.3485,0.57,0.2239,241
17091,12/19/2012,4,1,12,21,0,3,1,1,0.34,0.3182,0.61,0.2239,168
17092,12/19/2012,4,1,12,22,0,3,1,1,0.34,0.3485,0.61,0.0896,129
17093,12/19/2012,4,1,12,23,0,3,1,1,0.32,0.3333,0.66,0.1343,88
17094,12/20/2012,4,1,12,0,0,4,1,1,0.32,0.3333,0.61,0.1343,42
17095,12/20/2012,4,1,12,1,0,4,1,1,0.32,0.3485,0.66,0.0,20
17096,12/20/2012,4,1,12,2,0,4,1,1,0.32,0.3485,0.66,0.0,8
17097,12/20/2012,4,1,12,3,0,4,1,2,0.3,0.3182,0.7,0.0896,4
17098,12/20/2012,4,1,12,4,0,4,1,2,0.3,0.3182,0.7,0.0896,6
17099,12/20/2012,4,1,12,5,0,4,1,2,0.3,0.3182,0.7,0.1045,35
17100,12/20/2012,4,1,12,6,0,4,1,2,0.3,0.3333,0.65,0.0,118
17101,12/20/2012,4,1,12,7,0,4,1,2,0.3,0.3333,0.7,0.0,350
17102,12/20/2012,4,1,12,8,0,4,1,2,0.3,0.3333,0.7,0.0,599
17103,12/20/2012,4,1,12,9,0,4,1,2,0.3,0.3333,0.7,0.0,317
17104,12/20/2012,4,1,12,10,0,4,1,2,0.32,0.3333,0.66,0.0,161
17105,12/20/2012,4,1,12,11,0,4,1,2,0.34,0.3182,0.57,0.2239,190
17106,12/20/2012,4,1,12,12,0,4,1,2,0.36,0.3485,0.53,0.1642,212
17107,12/20/2012,4,1,12,13,0,4,1,2,0.36,0.3485,0.57,0.19399999999999998,217
17108,12/20/2012,4,1,12,14,0,4,1,2,0.36,0.3485,0.53,0.19399999999999998,214
17109,12/20/2012,4,1,12,15,0,4,1,2,0.34,0.3333,0.57,0.19399999999999998,249
17110,12/20/2012,4,1,12,16,0,4,1,2,0.34,0.303,0.53,0.3284,302
17111,12/20/2012,4,1,12,17,0,4,1,2,0.34,0.3333,0.66,0.19399999999999998,475
17112,12/20/2012,4,1,12,18,0,4,1,2,0.34,0.3333,0.71,0.19399999999999998,381
17113,12/20/2012,4,1,12,19,0,4,1,3,0.34,0.3182,0.71,0.2537,118
17114,12/20/2012,4,1,12,20,0,4,1,3,0.34,0.3333,0.76,0.1642,50
17115,12/20/2012,4,1,12,21,0,4,1,3,0.34,0.3333,0.76,0.1642,26
17116,12/20/2012,4,1,12,22,0,4,1,3,0.34,0.3333,0.87,0.19399999999999998,21
17117,12/20/2012,4,1,12,23,0,4,1,3,0.4,0.4091,0.82,0.2985,13
17118,12/21/2012,1,1,12,0,0,5,1,3,0.42,0.4242,0.88,0.2985,17
17119,12/21/2012,1,1,12,1,0,5,1,3,0.44,0.4394,0.88,0.3881,9
17120,12/21/2012,1,1,12,2,0,5,1,3,0.46,0.4545,0.94,0.3881,3
17121,12/21/2012,1,1,12,3,0,5,1,3,0.46,0.4545,0.94,0.3881,3
17122,12/21/2012,1,1,12,4,0,5,1,2,0.36,0.3182,0.71,0.4925,6
17123,12/21/2012,1,1,12,5,0,5,1,2,0.34,0.303,0.76,0.4179,13
17124,12/21/2012,1,1,12,6,0,5,1,2,0.34,0.2879,0.57,0.5821,80
17125,12/21/2012,1,1,12,7,0,5,1,2,0.32,0.3182,0.57,0.19399999999999998,208
17126,12/21/2012,1,1,12,8,0,5,1,2,0.32,0.303,0.57,0.2836,472
17127,12/21/2012,1,1,12,9,0,5,1,2,0.32,0.2727,0.45,0.5522,267
17128,12/21/2012,1,1,12,10,0,5,1,1,0.32,0.2879,0.42,0.4627,154
17129,12/21/2012,1,1,12,11,0,5,1,2,0.32,0.2879,0.42,0.4179,162
17130,12/21/2012,1,1,12,12,0,5,1,2,0.32,0.2879,0.39,0.3582,224
17131,12/21/2012,1,1,12,13,0,5,1,2,0.32,0.2879,0.39,0.4179,240
17132,12/21/2012,1,1,12,14,0,5,1,2,0.32,0.2879,0.39,0.4478,219
17133,12/21/2012,1,1,12,15,0,5,1,2,0.3,0.2727,0.42,0.3881,263
17134,12/21/2012,1,1,12,16,0,5,1,2,0.3,0.2727,0.39,0.3284,281
17135,12/21/2012,1,1,12,17,0,5,1,2,0.26,0.2273,0.56,0.3284,321
17136,12/21/2012,1,1,12,18,0,5,1,2,0.26,0.2273,0.56,0.2985,243
17137,12/21/2012,1,1,12,19,0,5,1,1,0.28,0.2576,0.45,0.2985,153
17138,12/21/2012,1,1,12,20,0,5,1,1,0.28,0.2727,0.41,0.2537,112
17139,12/21/2012,1,1,12,21,0,5,1,1,0.26,0.2273,0.41,0.4179,70
17140,12/21/2012,1,1,12,22,0,5,1,1,0.26,0.2273,0.44,0.2985,63
17141,12/21/2012,1,1,12,23,0,5,1,1,0.26,0.2424,0.44,0.2836,40
17142,12/22/2012,1,1,12,0,0,6,0,1,0.26,0.2121,0.44,0.5821,31
17143,12/22/2012,1,1,12,1,0,6,0,1,0.26,0.2121,0.44,0.4478,35
17144,12/22/2012,1,1,12,2,0,6,0,1,0.26,0.2121,0.44,0.5224,23
17145,12/22/2012,1,1,12,3,0,6,0,1,0.26,0.2121,0.48,0.4478,7
17146,12/22/2012,1,1,12,4,0,6,0,1,0.26,0.2576,0.48,0.19399999999999998,5
17147,12/22/2012,1,1,12,5,0,6,0,1,0.26,0.2273,0.48,0.4179,5
17148,12/22/2012,1,1,12,6,0,6,0,1,0.26,0.2273,0.44,0.4179,13
17149,12/22/2012,1,1,12,7,0,6,0,1,0.26,0.2273,0.44,0.4179,20
17150,12/22/2012,1,1,12,8,0,6,0,1,0.26,0.2121,0.44,0.6119,29
17151,12/22/2012,1,1,12,9,0,6,0,1,0.26,0.2273,0.48,0.3881,90
17152,12/22/2012,1,1,12,10,0,6,0,1,0.26,0.2273,0.48,0.3284,118
17153,12/22/2012,1,1,12,11,0,6,0,1,0.28,0.2576,0.41,0.3582,159
17154,12/22/2012,1,1,12,12,0,6,0,1,0.3,0.2576,0.36,0.6567,146
17155,12/22/2012,1,1,12,13,0,6,0,1,0.32,0.2879,0.36,0.4478,158
17156,12/22/2012,1,1,12,14,0,6,0,1,0.32,0.2879,0.36,0.4627,161
17157,12/22/2012,1,1,12,15,0,6,0,1,0.32,0.2727,0.33,0.5821,153
17158,12/22/2012,1,1,12,16,0,6,0,1,0.3,0.2727,0.39,0.4478,147
17159,12/22/2012,1,1,12,17,0,6,0,1,0.28,0.2576,0.41,0.2985,114
17160,12/22/2012,1,1,12,18,0,6,0,1,0.26,0.2121,0.44,0.4627,82
17161,12/22/2012,1,1,12,19,0,6,0,1,0.24,0.2121,0.48,0.3582,60
17162,12/22/2012,1,1,12,20,0,6,0,1,0.24,0.2424,0.48,0.1642,61
17163,12/22/2012,1,1,12,21,0,6,0,1,0.22,0.2121,0.51,0.2836,53
17164,12/22/2012,1,1,12,22,0,6,0,1,0.22,0.2121,0.51,0.2836,39
17165,12/22/2012,1,1,12,23,0,6,0,1,0.22,0.2273,0.51,0.19399999999999998,40
17166,12/23/2012,1,1,12,0,0,0,0,1,0.22,0.2121,0.47,0.2836,27
17167,12/23/2012,1,1,12,1,0,0,0,1,0.22,0.2273,0.47,0.19399999999999998,20
17168,12/23/2012,1,1,12,2,0,0,0,1,0.2,0.2121,0.51,0.1642,18
17169,12/23/2012,1,1,12,3,0,0,0,1,0.2,0.2121,0.51,0.1343,9
17170,12/23/2012,1,1,12,4,0,0,0,1,0.2,0.2121,0.47,0.1343,4
17171,12/23/2012,1,1,12,5,0,0,0,1,0.2,0.2576,0.51,0.0,6
17172,12/23/2012,1,1,12,6,0,0,0,1,0.16,0.19699999999999998,0.64,0.0896,9
17173,12/23/2012,1,1,12,7,0,0,0,1,0.16,0.19699999999999998,0.64,0.0896,19
17174,12/23/2012,1,1,12,8,0,0,0,1,0.14,0.1667,0.69,0.1045,48
17175,12/23/2012,1,1,12,9,0,0,0,1,0.2,0.2273,0.59,0.1045,56
17176,12/23/2012,1,1,12,10,0,0,0,1,0.22,0.2273,0.64,0.19399999999999998,93
17177,12/23/2012,1,1,12,11,0,0,0,1,0.24,0.2273,0.52,0.19399999999999998,152
17178,12/23/2012,1,1,12,12,0,0,0,1,0.3,0.2879,0.42,0.19399999999999998,196
17179,12/23/2012,1,1,12,13,0,0,0,1,0.32,0.303,0.39,0.2239,186
17180,12/23/2012,1,1,12,14,0,0,0,1,0.34,0.303,0.31,0.2985,175
17181,12/23/2012,1,1,12,15,0,0,0,1,0.34,0.3333,0.34,0.1343,137
17182,12/23/2012,1,1,12,16,0,0,0,1,0.34,0.3333,0.34,0.19399999999999998,190
17183,12/23/2012,1,1,12,17,0,0,0,1,0.32,0.3182,0.49,0.19399999999999998,114
17184,12/23/2012,1,1,12,18,0,0,0,1,0.3,0.303,0.45,0.1642,93
17185,12/23/2012,1,1,12,19,0,0,0,1,0.3,0.3333,0.42,0.0,58
17186,12/23/2012,1,1,12,20,0,0,0,1,0.26,0.303,0.65,0.0,52
17187,12/23/2012,1,1,12,21,0,0,0,1,0.24,0.2879,0.7,0.0,42
17188,12/23/2012,1,1,12,22,0,0,0,1,0.24,0.2576,0.6,0.1045,58
17189,12/23/2012,1,1,12,23,0,0,0,1,0.24,0.2879,0.6,0.0,25
17190,12/24/2012,1,1,12,0,0,1,1,1,0.22,0.2727,0.69,0.0,12
17191,12/24/2012,1,1,12,1,0,1,1,1,0.22,0.2727,0.69,0.0,11
17192,12/24/2012,1,1,12,2,0,1,1,1,0.2,0.2576,0.75,0.0,5
17193,12/24/2012,1,1,12,3,0,1,1,1,0.2,0.2576,0.75,0.0,3
17194,12/24/2012,1,1,12,5,0,1,1,1,0.18,0.19699999999999998,0.8,0.1343,9
17195,12/24/2012,1,1,12,6,0,1,1,1,0.2,0.2576,0.75,0.0,17
17196,12/24/2012,1,1,12,7,0,1,1,1,0.2,0.2576,0.69,0.0,30
17197,12/24/2012,1,1,12,8,0,1,1,1,0.22,0.2727,0.69,0.0,66
17198,12/24/2012,1,1,12,9,0,1,1,2,0.24,0.2576,0.65,0.1045,85
17199,12/24/2012,1,1,12,10,0,1,1,2,0.26,0.303,0.65,0.0,103
17200,12/24/2012,1,1,12,11,0,1,1,2,0.26,0.2576,0.6,0.1642,124
17201,12/24/2012,1,1,12,12,0,1,1,2,0.28,0.303,0.56,0.0896,135
17202,12/24/2012,1,1,12,13,0,1,1,3,0.24,0.2576,0.81,0.1045,70
17203,12/24/2012,1,1,12,14,0,1,1,3,0.24,0.2576,0.87,0.1045,46
17204,12/24/2012,1,1,12,15,0,1,1,3,0.24,0.2273,0.87,0.2239,33
17205,12/24/2012,1,1,12,16,0,1,1,3,0.24,0.2273,0.87,0.2239,33
17206,12/24/2012,1,1,12,17,0,1,1,3,0.24,0.2424,0.93,0.1642,26
17207,12/24/2012,1,1,12,18,0,1,1,3,0.24,0.2576,0.93,0.1045,26
17208,12/24/2012,1,1,12,19,0,1,1,2,0.24,0.2424,0.93,0.1343,18
17209,12/24/2012,1,1,12,20,0,1,1,3,0.24,0.2424,0.93,0.1343,23
17210,12/24/2012,1,1,12,21,0,1,1,3,0.24,0.2576,0.93,0.0896,22
17211,12/24/2012,1,1,12,22,0,1,1,2,0.24,0.2879,0.93,0.0,12
17212,12/24/2012,1,1,12,23,0,1,1,3,0.24,0.2879,0.93,0.0,11
17213,12/25/2012,1,1,12,0,1,2,0,3,0.24,0.2576,0.93,0.0896,13
17214,12/25/2012,1,1,12,1,1,2,0,2,0.26,0.2576,0.87,0.1642,13
17215,12/25/2012,1,1,12,2,1,2,0,2,0.26,0.2576,0.87,0.1642,7
17216,12/25/2012,1,1,12,4,1,2,0,2,0.24,0.2576,0.87,0.0896,1
17217,12/25/2012,1,1,12,5,1,2,0,2,0.22,0.2273,0.93,0.1343,3
17218,12/25/2012,1,1,12,6,1,2,0,2,0.22,0.2273,0.93,0.1343,7
17219,12/25/2012,1,1,12,7,1,2,0,2,0.22,0.2273,0.93,0.1642,6
17220,12/25/2012,1,1,12,8,1,2,0,2,0.24,0.2879,0.87,0.0,11
17221,12/25/2012,1,1,12,9,1,2,0,2,0.24,0.2576,0.87,0.0,28
17222,12/25/2012,1,1,12,10,1,2,0,1,0.28,0.3182,0.81,0.0,32
17223,12/25/2012,1,1,12,11,1,2,0,1,0.3,0.3182,0.75,0.0896,86
17224,12/25/2012,1,1,12,12,1,2,0,1,0.32,0.3333,0.76,0.0896,114
17225,12/25/2012,1,1,12,13,1,2,0,1,0.4,0.4091,0.5,0.3284,121
17226,12/25/2012,1,1,12,14,1,2,0,1,0.38,0.3939,0.46,0.2985,126
17227,12/25/2012,1,1,12,15,1,2,0,1,0.36,0.3333,0.5,0.2537,107
17228,12/25/2012,1,1,12,16,1,2,0,2,0.36,0.3333,0.5,0.2537,86
17229,12/25/2012,1,1,12,17,1,2,0,2,0.32,0.303,0.57,0.2537,50
17230,12/25/2012,1,1,12,18,1,2,0,2,0.32,0.303,0.66,0.2537,43
17231,12/25/2012,1,1,12,19,1,2,0,2,0.32,0.303,0.66,0.2239,36
17232,12/25/2012,1,1,12,20,1,2,0,2,0.32,0.303,0.66,0.2836,40
17233,12/25/2012,1,1,12,21,1,2,0,2,0.3,0.2879,0.65,0.19399999999999998,34
17234,12/25/2012,1,1,12,22,1,2,0,2,0.3,0.303,0.7,0.1642,19
17235,12/25/2012,1,1,12,23,1,2,0,2,0.28,0.2727,0.65,0.2537,30
17236,12/26/2012,1,1,12,0,0,3,1,2,0.28,0.2727,0.65,0.2537,9
17237,12/26/2012,1,1,12,1,0,3,1,2,0.26,0.2273,0.65,0.2985,7
17238,12/26/2012,1,1,12,2,0,3,1,2,0.26,0.2273,0.65,0.2985,1
17239,12/26/2012,1,1,12,3,0,3,1,2,0.24,0.2121,0.7,0.3582,2
17240,12/26/2012,1,1,12,4,0,3,1,1,0.22,0.19699999999999998,0.69,0.3582,2
17241,12/26/2012,1,1,12,5,0,3,1,2,0.22,0.2121,0.69,0.2836,11
17242,12/26/2012,1,1,12,6,0,3,1,2,0.22,0.2121,0.69,0.2239,36
17243,12/26/2012,1,1,12,7,0,3,1,3,0.2,0.1818,0.86,0.3284,26
17244,12/26/2012,1,1,12,8,0,3,1,3,0.2,0.1818,0.86,0.3284,31
17245,12/26/2012,1,1,12,9,0,3,1,3,0.2,0.1818,0.86,0.3284,23
17246,12/26/2012,1,1,12,10,0,3,1,3,0.2,0.1818,0.86,0.2985,8
17247,12/26/2012,1,1,12,11,0,3,1,3,0.2,0.1667,0.86,0.4627,10
17248,12/26/2012,1,1,12,12,0,3,1,3,0.22,0.19699999999999998,0.87,0.3284,10
17249,12/26/2012,1,1,12,13,0,3,1,3,0.22,0.19699999999999998,0.87,0.3284,15
17250,12/26/2012,1,1,12,14,0,3,1,3,0.22,0.2121,0.93,0.2537,20
17251,12/26/2012,1,1,12,15,0,3,1,3,0.26,0.2273,0.87,0.3582,13
17252,12/26/2012,1,1,12,16,0,3,1,3,0.26,0.2273,0.87,0.3582,13
17253,12/26/2012,1,1,12,17,0,3,1,3,0.26,0.2273,0.93,0.3582,53
17254,12/26/2012,1,1,12,18,0,3,1,3,0.28,0.2576,0.93,0.2985,43
17255,12/26/2012,1,1,12,19,0,3,1,3,0.3,0.2879,0.87,0.19399999999999998,35
17256,12/26/2012,1,1,12,20,0,3,1,3,0.32,0.303,0.93,0.2537,32
17257,12/26/2012,1,1,12,21,0,3,1,2,0.3,0.2727,0.87,0.2985,20
17258,12/26/2012,1,1,12,22,0,3,1,3,0.24,0.19699999999999998,0.93,0.4478,11
17259,12/26/2012,1,1,12,23,0,3,1,3,0.26,0.2273,0.87,0.2985,10
17260,12/27/2012,1,1,12,0,0,4,1,3,0.26,0.2273,0.87,0.2985,3
17261,12/27/2012,1,1,12,1,0,4,1,3,0.24,0.19699999999999998,0.93,0.4478,5
17262,12/27/2012,1,1,12,2,0,4,1,2,0.24,0.19699999999999998,0.87,0.4478,2
17263,12/27/2012,1,1,12,3,0,4,1,2,0.24,0.2273,0.87,0.2239,1
17264,12/27/2012,1,1,12,4,0,4,1,2,0.24,0.2121,0.87,0.3284,3
17265,12/27/2012,1,1,12,5,0,4,1,1,0.24,0.2424,0.75,0.1642,11
17266,12/27/2012,1,1,12,6,0,4,1,1,0.24,0.19699999999999998,0.7,0.4925,45
17267,12/27/2012,1,1,12,7,0,4,1,1,0.24,0.2273,0.7,0.2239,90
17268,12/27/2012,1,1,12,8,0,4,1,1,0.26,0.2273,0.65,0.3582,208
17269,12/27/2012,1,1,12,9,0,4,1,1,0.26,0.2121,0.6,0.4925,133
17270,12/27/2012,1,1,12,10,0,4,1,1,0.28,0.2273,0.56,0.5224,75
17271,12/27/2012,1,1,12,11,0,4,1,2,0.28,0.2424,0.56,0.4478,103
17272,12/27/2012,1,1,12,12,0,4,1,1,0.3,0.2727,0.49,0.4627,109
17273,12/27/2012,1,1,12,13,0,4,1,1,0.3,0.2727,0.49,0.4627,118
17274,12/27/2012,1,1,12,14,0,4,1,2,0.26,0.2121,0.56,0.5224,119
17275,12/27/2012,1,1,12,15,0,4,1,2,0.26,0.2121,0.56,0.4478,120
17276,12/27/2012,1,1,12,16,0,4,1,2,0.26,0.2424,0.52,0.2836,174
17277,12/27/2012,1,1,12,17,0,4,1,2,0.26,0.2424,0.52,0.2836,257
17278,12/27/2012,1,1,12,18,0,4,1,2,0.24,0.2273,0.6,0.2537,197
17279,12/27/2012,1,1,12,19,0,4,1,1,0.24,0.2121,0.6,0.2836,117
17280,12/27/2012,1,1,12,20,0,4,1,1,0.24,0.2424,0.6,0.1642,91
17281,12/27/2012,1,1,12,21,0,4,1,2,0.24,0.2273,0.6,0.2537,63
17282,12/27/2012,1,1,12,22,0,4,1,2,0.24,0.2121,0.6,0.2836,44
17283,12/27/2012,1,1,12,23,0,4,1,2,0.24,0.2273,0.6,0.2537,26
17284,12/28/2012,1,1,12,0,0,5,1,2,0.24,0.2424,0.6,0.1642,25
17285,12/28/2012,1,1,12,1,0,5,1,1,0.24,0.2273,0.6,0.19399999999999998,9
17286,12/28/2012,1,1,12,2,0,5,1,1,0.24,0.2273,0.6,0.2537,5
17287,12/28/2012,1,1,12,3,0,5,1,2,0.24,0.2424,0.6,0.1642,2
17288,12/28/2012,1,1,12,4,0,5,1,2,0.24,0.2576,0.6,0.1045,4
17289,12/28/2012,1,1,12,5,0,5,1,2,0.24,0.2576,0.6,0.0896,15
17290,12/28/2012,1,1,12,6,0,5,1,1,0.22,0.2121,0.64,0.2836,51
17291,12/28/2012,1,1,12,7,0,5,1,1,0.22,0.2273,0.64,0.1642,112
17292,12/28/2012,1,1,12,8,0,5,1,2,0.24,0.2424,0.6,0.1343,239
17293,12/28/2012,1,1,12,9,0,5,1,2,0.24,0.2121,0.6,0.2836,191
17294,12/28/2012,1,1,12,10,0,5,1,2,0.26,0.2424,0.56,0.2537,162
17295,12/28/2012,1,1,12,11,0,5,1,2,0.28,0.2727,0.52,0.2239,178
17296,12/28/2012,1,1,12,12,0,5,1,2,0.3,0.303,0.49,0.1343,222
17297,12/28/2012,1,1,12,13,0,5,1,2,0.3,0.303,0.49,0.1343,222
17298,12/28/2012,1,1,12,14,0,5,1,2,0.3,0.303,0.49,0.1343,261
17299,12/28/2012,1,1,12,15,0,5,1,2,0.3,0.3182,0.49,0.0,225
17300,12/28/2012,1,1,12,16,0,5,1,1,0.3,0.303,0.49,0.1343,250
17301,12/28/2012,1,1,12,17,0,5,1,1,0.24,0.2424,0.6,0.1343,271
17302,12/28/2012,1,1,12,18,0,5,1,1,0.24,0.2424,0.6,0.1343,213
17303,12/28/2012,1,1,12,19,0,5,1,2,0.24,0.2273,0.65,0.19399999999999998,128
17304,12/28/2012,1,1,12,20,0,5,1,2,0.24,0.2576,0.65,0.1045,97
17305,12/28/2012,1,1,12,21,0,5,1,2,0.24,0.2424,0.7,0.1343,92
17306,12/28/2012,1,1,12,22,0,5,1,2,0.24,0.2576,0.7,0.0896,62
17307,12/28/2012,1,1,12,23,0,5,1,2,0.24,0.2576,0.65,0.0896,59
17308,12/29/2012,1,1,12,0,0,6,0,2,0.24,0.2424,0.7,0.0,26
17309,12/29/2012,1,1,12,1,0,6,0,2,0.24,0.2424,0.75,0.0896,37
17310,12/29/2012,1,1,12,2,0,6,0,2,0.24,0.2424,0.7,0.0,19
17311,12/29/2012,1,1,12,3,0,6,0,2,0.24,0.2424,0.75,0.0,6
17312,12/29/2012,1,1,12,4,0,6,0,2,0.24,0.2424,0.75,0.0896,3
17313,12/29/2012,1,1,12,5,0,6,0,2,0.24,0.2424,0.75,0.0896,3
17314,12/29/2012,1,1,12,6,0,6,0,2,0.26,0.2424,0.7,0.1045,7
17315,12/29/2012,1,1,12,7,0,6,0,2,0.26,0.2424,0.7,0.1343,18
17316,12/29/2012,1,1,12,8,0,6,0,2,0.26,0.2424,0.81,0.0,44
17317,12/29/2012,1,1,12,9,0,6,0,2,0.26,0.2424,0.81,0.0,49
17318,12/29/2012,1,1,12,10,0,6,0,3,0.26,0.2424,0.81,0.1343,41
17319,12/29/2012,1,1,12,11,0,6,0,3,0.2,0.2424,0.93,0.0896,45
17320,12/29/2012,1,1,12,12,0,6,0,3,0.2,0.2424,1.0,0.0,48
17321,12/29/2012,1,1,12,13,0,6,0,3,0.2,0.2424,1.0,0.0,84
17322,12/29/2012,1,1,12,14,0,6,0,2,0.24,0.2424,0.87,0.0896,98
17323,12/29/2012,1,1,12,15,0,6,0,2,0.24,0.2424,0.87,0.0,129
17324,12/29/2012,1,1,12,16,0,6,0,1,0.3,0.2424,0.75,0.1045,147
17325,12/29/2012,1,1,12,17,0,6,0,1,0.26,0.2424,0.79,0.1045,118
17326,12/29/2012,1,1,12,18,0,6,0,1,0.3,0.2424,0.7,0.19399999999999998,110
17327,12/29/2012,1,1,12,19,0,6,0,2,0.3,0.2424,0.61,0.2537,97
17328,12/29/2012,1,1,12,20,0,6,0,2,0.3,0.2424,0.56,0.5522,66
17329,12/29/2012,1,1,12,21,0,6,0,2,0.28,0.2424,0.56,0.4925,60
17330,12/29/2012,1,1,12,22,0,6,0,2,0.26,0.2424,0.6,0.4627,54
17331,12/29/2012,1,1,12,23,0,6,0,2,0.26,0.2424,0.6,0.0,32
17332,12/30/2012,1,1,12,0,0,0,0,2,0.26,0.2576,0.6,0.1642,41
17333,12/30/2012,1,1,12,1,0,0,0,2,0.26,0.2273,0.56,0.4179,28
17334,12/30/2012,1,1,12,2,0,0,0,2,0.26,0.2424,0.56,0.2836,19
17335,12/30/2012,1,1,12,3,0,0,0,2,0.26,0.2273,0.56,0.4179,15
17336,12/30/2012,1,1,12,4,0,0,0,2,0.26,0.2576,0.56,0.2239,7
17337,12/30/2012,1,1,12,5,0,0,0,2,0.26,0.2273,0.48,0.2985,2
17338,12/30/2012,1,1,12,6,0,0,0,2,0.24,0.19699999999999998,0.52,0.4179,8
17339,12/30/2012,1,1,12,7,0,0,0,1,0.24,0.2121,0.56,0.3582,13
17340,12/30/2012,1,1,12,8,0,0,0,1,0.24,0.19699999999999998,0.52,0.4627,33
17341,12/30/2012,1,1,12,9,0,0,0,1,0.24,0.2121,0.52,0.3881,74
17342,12/30/2012,1,1,12,10,0,0,0,1,0.26,0.2121,0.41,0.5821,122
17343,12/30/2012,1,1,12,11,0,0,0,1,0.26,0.2273,0.41,0.4179,136
17344,12/30/2012,1,1,12,12,0,0,0,1,0.28,0.2273,0.36,0.5821,144
17345,12/30/2012,1,1,12,13,0,0,0,1,0.3,0.2576,0.36,0.6567,169
17346,12/30/2012,1,1,12,14,0,0,0,1,0.3,0.2727,0.36,0.4627,160
17347,12/30/2012,1,1,12,15,0,0,0,1,0.28,0.2576,0.38,0.3284,138
17348,12/30/2012,1,1,12,16,0,0,0,1,0.28,0.2424,0.38,0.4179,133
17349,12/30/2012,1,1,12,17,0,0,0,1,0.26,0.2273,0.41,0.3284,123
17350,12/30/2012,1,1,12,18,0,0,0,2,0.24,0.2121,0.44,0.2985,125
17351,12/30/2012,1,1,12,19,0,0,0,1,0.34,0.3636,0.61,0.0,102
17352,12/30/2012,1,1,12,20,0,0,0,1,0.22,0.19699999999999998,0.47,0.3284,72
17353,12/30/2012,1,1,12,21,0,0,0,1,0.2,0.2121,0.51,0.1642,47
17354,12/30/2012,1,1,12,22,0,0,0,1,0.2,0.19699999999999998,0.55,0.19399999999999998,36
17355,12/30/2012,1,1,12,23,0,0,0,1,0.2,0.19699999999999998,0.51,0.2239,49
17356,12/31/2012,1,1,12,0,0,1,1,1,0.18,0.1818,0.55,0.19399999999999998,34
17357,12/31/2012,1,1,12,1,0,1,1,1,0.18,0.1818,0.55,0.19399999999999998,19
17358,12/31/2012,1,1,12,2,0,1,1,1,0.16,0.1667,0.59,0.1642,11
17359,12/31/2012,1,1,12,3,0,1,1,1,0.16,0.1818,0.59,0.1045,1
17360,12/31/2012,1,1,12,4,0,1,1,1,0.14,0.1667,0.69,0.1045,3
17361,12/31/2012,1,1,12,5,0,1,1,1,0.16,0.1515,0.64,0.19399999999999998,9
17362,12/31/2012,1,1,12,6,0,1,1,1,0.16,0.1667,0.64,0.1642,40
17363,12/31/2012,1,1,12,7,0,1,1,1,0.16,0.1818,0.64,0.1343,85
17364,12/31/2012,1,1,12,8,0,1,1,1,0.14,0.1515,0.69,0.1343,196
17365,12/31/2012,1,1,12,9,0,1,1,2,0.18,0.2121,0.64,0.1045,157
17366,12/31/2012,1,1,12,10,0,1,1,2,0.2,0.2121,0.69,0.1343,120
17367,12/31/2012,1,1,12,11,0,1,1,2,0.22,0.2273,0.6,0.19399999999999998,157
17368,12/31/2012,1,1,12,12,0,1,1,2,0.24,0.2273,0.56,0.19399999999999998,224
17369,12/31/2012,1,1,12,13,0,1,1,2,0.26,0.2576,0.44,0.1642,203
17370,12/31/2012,1,1,12,14,0,1,1,2,0.28,0.2727,0.45,0.2239,247
17371,12/31/2012,1,1,12,15,0,1,1,2,0.28,0.2879,0.45,0.1343,315
17372,12/31/2012,1,1,12,16,0,1,1,2,0.26,0.2576,0.48,0.19399999999999998,214
17373,12/31/2012,1,1,12,17,0,1,1,2,0.26,0.2879,0.48,0.0896,164
17374,12/31/2012,1,1,12,18,0,1,1,2,0.26,0.2727,0.48,0.1343,122
17375,12/31/2012,1,1,12,19,0,1,1,2,0.26,0.2576,0.6,0.1642,119
17376,12/31/2012,1,1,12,20,0,1,1,2,0.26,0.2576,0.6,0.1642,89
17377,12/31/2012,1,1,12,21,0,1,1,1,0.26,0.2576,0.6,0.1642,90
17378,12/31/2012,1,1,12,22,0,1,1,1,0.26,0.2727,0.56,0.1343,61
17379,12/31/2012,1,1,12,23,0,1,1,1,0.26,0.2727,0.65,0.1343,49
